Date,Close,AdjClose
2020-06-01,305.549988,279.458527
2020-06-02,308.079987,281.772491
2020-06-03,312.179993,285.522339
2020-06-04,311.359985,284.772339
2020-06-05,319.339996,292.070923
2020-06-08,323.200012,295.601379
2020-06-09,320.790009,293.397125
2020-06-10,319.000000,291.760040
2020-06-11,300.609985,274.940338
2020-06-12,304.209991,278.232910
2020-06-15,307.049988,280.830505
2020-06-16,312.959991,286.235748
2020-06-17,311.660004,285.046844
2020-06-18,311.779999,285.156555
2020-06-19,308.640015,283.526947
2020-06-22,310.619995,285.345764
2020-06-23,312.049988,286.659393
2020-06-24,304.089996,279.347107
2020-06-25,307.350006,282.341919
2020-06-26,300.049988,275.635773
2020-06-29,304.459991,279.687012
2020-06-30,308.359985,283.269653
2020-07-01,310.519989,285.253937
2020-07-02,312.230011,286.824860
2020-07-06,317.049988,291.252563
2020-07-07,313.779999,288.248657
2020-07-08,316.179993,290.453400
2020-07-09,314.380005,288.799835
2020-07-10,317.589996,291.748688
2020-07-13,314.839996,289.222443
2020-07-14,318.920013,292.970398
2020-07-15,321.850006,295.662018
2020-07-16,320.790009,294.688232
2020-07-17,321.720001,295.542572
2020-07-20,324.320007,297.931030
2020-07-21,325.010010,298.564911
2020-07-22,326.859985,300.264404
2020-07-23,322.959991,296.681671
2020-07-24,320.880005,294.770905
2020-07-27,323.220001,296.920502
2020-07-28,321.170013,295.037384
2020-07-29,325.119995,298.665924
2020-07-30,323.959991,297.600281
2020-07-31,326.519989,299.952057
2020-08-03,328.790009,302.037384
2020-08-04,330.059998,303.203979
2020-08-05,332.109985,305.087219
2020-08-06,334.329987,307.126556
2020-08-07,334.570007,307.347107
2020-08-10,335.570007,308.265625
2020-08-11,332.799988,305.721008
2020-08-12,337.440002,309.983490
2020-08-13,336.829987,309.423157
2020-08-14,336.839996,309.432373
2020-08-17,337.910004,310.415253
2020-08-18,338.640015,311.085876
2020-08-19,337.230011,309.790619
2020-08-20,338.279999,310.755249
2020-08-21,339.480011,311.857513
2020-08-24,342.920013,315.017639
2020-08-25,344.119995,316.120026
2020-08-26,347.570007,319.289246
2020-08-27,348.329987,319.987457
2020-08-28,350.579987,322.054352
2020-08-31,349.309998,320.887634
2020-09-01,352.600006,323.909912
2020-09-02,357.700012,328.595123
2020-09-03,345.390015,317.286682
2020-09-04,342.570007,314.696075
2020-09-08,333.209991,306.097717
2020-09-09,339.790009,312.142334
2020-09-10,333.890015,306.722412
2020-09-11,334.059998,306.878540
2020-09-14,338.459991,310.920532
2020-09-15,340.170013,312.491364
2020-09-16,338.820007,311.251251
2020-09-17,335.839996,308.513763
2020-09-18,330.649994,304.961884
2020-09-21,326.970001,301.567780
2020-09-22,330.299988,304.639038
2020-09-23,322.640015,297.574188
2020-09-24,323.500000,298.367401
2020-09-25,328.730011,303.191101
2020-09-28,334.190002,308.226868
2020-09-29,332.369995,306.548248
2020-09-30,334.890015,308.872528
2020-10-01,337.040009,310.855499
2020-10-02,333.839996,307.904114
2020-10-05,339.760010,313.364136
2020-10-06,334.929993,308.909332
2020-10-07,340.760010,314.286438
2020-10-08,343.779999,317.071838
2020-10-09,346.850006,319.903381
2020-10-12,352.429993,325.049774
2020-10-13,350.130005,322.928528
2020-10-14,347.929993,320.899414
2020-10-15,347.500000,320.502899
2020-10-16,347.290009,320.309143
2020-10-19,342.010010,315.439331
2020-10-20,343.380005,316.702881
2020-10-21,342.730011,316.103363
2020-10-22,344.609985,317.837372
2020-10-23,345.779999,318.916504
2020-10-26,339.390015,313.022858
2020-10-27,338.220001,311.943726
2020-10-28,326.660004,301.281799
2020-10-29,329.980011,304.343903
2020-10-30,326.540009,301.171143
2020-11-02,330.200012,304.546844
2020-11-03,336.029999,309.923920
2020-11-04,343.540009,316.850433
2020-11-05,350.239990,323.029938
2020-11-06,350.160004,322.956177
2020-11-09,354.559998,327.014343
2020-11-10,354.040009,326.534729
2020-11-11,356.670013,328.960388
2020-11-12,353.209991,325.769165
2020-11-13,358.100006,330.279297
2020-11-16,362.570007,334.402008
2020-11-17,360.619995,332.603607
2020-11-18,356.279999,328.600677
2020-11-19,357.779999,329.984161
2020-11-20,355.329987,327.724426
2020-11-23,357.459991,329.688965
2020-11-24,363.220001,335.001556
2020-11-25,362.660004,334.484985
2020-11-27,363.670013,335.416595
2020-11-30,362.059998,333.931702
2020-12-01,366.019989,337.583954
2020-12-02,366.790009,338.294189
2020-12-03,366.690002,338.201935
2020-12-04,369.850006,341.116425
2020-12-07,369.089996,340.415497
2020-12-08,370.170013,341.411591
2020-12-09,366.850006,338.349487
2020-12-10,366.730011,338.238922
2020-12-11,366.299988,337.842163
2020-12-14,364.660004,336.329651
2020-12-15,369.589996,340.876617
2020-12-16,370.170013,341.411591
2020-12-17,372.239990,343.320801
2020-12-18,369.179993,341.949982
2020-12-21,367.859985,340.727295
2020-12-22,367.239990,340.153046
2020-12-23,367.570007,340.458710
2020-12-24,369.000000,341.783173
2020-12-28,372.170013,344.719391
2020-12-29,371.459991,344.061707
2020-12-30,371.989990,344.552643
2020-12-31,373.880005,346.303253
2021-01-04,368.790009,341.588806
2021-01-05,371.329987,343.941315
2021-01-06,373.549988,345.997650
2021-01-07,379.100006,351.138214
2021-01-08,381.260010,353.138947
2021-01-11,378.690002,350.758514
2021-01-12,378.769989,350.832550
2021-01-13,379.790009,351.777344
2021-01-14,378.459991,350.545441
2021-01-15,375.700012,347.989075
2021-01-19,378.649994,350.721466
2021-01-20,383.890015,355.574951
2021-01-21,384.239990,355.899048
2021-01-22,382.880005,354.639465
2021-01-25,384.390015,356.038025
2021-01-26,383.790009,355.482391
2021-01-27,374.410004,346.794128
2021-01-28,377.630005,349.776642
2021-01-29,370.070007,342.774261
2021-02-01,376.230011,348.479950
2021-02-02,381.549988,353.407501
2021-02-03,381.850006,353.685425
2021-02-04,386.190002,357.705292
2021-02-05,387.709991,359.113190
2021-02-08,390.510010,361.706696
2021-02-09,390.250000,361.465790
2021-02-10,390.079987,361.308319
2021-02-11,390.709991,361.891846
2021-02-12,392.640015,363.679504
2021-02-16,392.299988,363.364655
2021-02-17,392.390015,363.448029
2021-02-18,390.720001,361.901093
2021-02-19,390.029999,361.262054
2021-02-22,387.029999,358.483337
2021-02-23,387.500000,358.918701
2021-02-24,391.769989,362.873749
2021-02-25,382.329987,354.129944
2021-02-26,380.359985,352.305328
2021-03-01,389.579987,360.845245
2021-03-02,386.540009,358.029449
2021-03-03,381.420013,353.287109
2021-03-04,376.700012,348.915192
2021-03-05,383.630005,355.334106
2021-03-08,381.720001,353.565033
2021-03-09,387.170013,358.613037
2021-03-10,389.579987,360.845245
2021-03-11,393.529999,364.503906
2021-03-12,394.059998,364.994843
2021-03-15,396.410004,367.171448
2021-03-16,395.910004,366.708374
2021-03-17,397.260010,367.958771
2021-03-18,391.480011,362.605164
2021-03-19,389.480011,361.934235
2021-03-22,392.589996,364.824188
2021-03-23,389.500000,361.952820
2021-03-24,387.519989,360.112793
2021-03-25,389.700012,362.138672
2021-03-26,395.980011,367.974548
2021-03-29,395.779999,367.788605
2021-03-30,394.730011,366.812927
2021-03-31,396.329987,368.299774
2021-04-01,400.609985,372.277069
2021-04-05,406.359985,377.620239
2021-04-06,406.119995,377.397339
2021-04-07,406.589996,377.834076
2021-04-08,408.519989,379.627533
2021-04-09,411.489990,382.387512
2021-04-12,411.640015,382.526886
2021-04-13,412.859985,383.660614
2021-04-14,411.450012,382.350372
2021-04-15,415.869995,386.457764
2021-04-16,417.260010,387.749481
2021-04-19,415.209991,385.844452
2021-04-20,412.170013,383.019470
2021-04-21,416.070007,386.643585
2021-04-22,412.269989,383.112396
2021-04-23,416.739990,387.266235
2021-04-26,417.609985,388.074738
2021-04-27,417.519989,387.991058
2021-04-28,417.399994,387.879578
2021-04-29,420.059998,390.351410
2021-04-30,417.299988,387.786652
2021-05-03,418.200012,388.623016
2021-05-04,415.619995,386.225464
2021-05-05,415.750000,386.346222
2021-05-06,419.070007,389.431458
2021-05-07,422.119995,392.265656
2021-05-10,417.940002,388.381439
2021-05-11,414.209991,384.915222
2021-05-12,405.410004,376.737549
2021-05-13,410.279999,381.263123
2021-05-14,416.579987,387.117493
2021-05-17,415.519989,386.132538
2021-05-18,411.940002,382.805756
2021-05-19,410.859985,381.802032
2021-05-20,415.279999,385.909485
2021-05-21,414.940002,385.593536
2021-05-24,419.170013,389.524384
2021-05-25,418.239990,388.660126
2021-05-26,419.070007,389.431458
2021-05-27,419.290009,389.635895
2021-05-28,420.040009,390.332855
2021-06-01,419.670013,389.989014
2021-06-02,420.329987,390.602386
2021-06-03,418.769989,389.152679
2021-06-04,422.600006,392.711792
2021-06-07,422.190002,392.330811
2021-06-08,422.279999,392.414459
2021-06-09,421.649994,391.828979
2021-06-10,423.609985,393.650299
2021-06-11,424.309998,394.300781
2021-06-14,425.260010,395.183716
2021-06-15,424.480011,394.458832
2021-06-16,422.109985,392.256409
2021-06-17,421.970001,392.126312
2021-06-18,414.920013,386.836365
2021-06-21,420.859985,392.374420
2021-06-22,423.109985,394.472046
2021-06-23,422.600006,393.996613
2021-06-24,425.100006,396.327423
2021-06-25,426.609985,397.735107
2021-06-28,427.470001,398.537018
2021-06-29,427.700012,398.751404
2021-06-30,428.059998,399.087036
2021-07-01,430.429993,401.296631
2021-07-02,433.720001,404.363892
2021-07-06,432.929993,403.627411
2021-07-07,434.459991,405.053741
2021-07-08,430.920013,401.753448
2021-07-09,435.519989,406.042084
2021-07-12,437.079987,407.496460
2021-07-13,435.589996,406.107391
2021-07-14,436.239990,406.713379
2021-07-15,434.750000,405.324158
2021-07-16,431.339996,402.144958
2021-07-19,424.970001,396.206177
2021-07-20,431.059998,401.883942
2021-07-21,434.549988,405.137756
2021-07-22,435.459991,405.986237
2021-07-23,439.940002,410.162933
2021-07-26,441.019989,411.169769
2021-07-27,439.010010,409.295898
2021-07-28,438.829987,409.128052
2021-07-29,440.649994,410.824860
2021-07-30,438.510010,408.829742
2021-08-02,437.589996,407.971954
2021-08-03,441.149994,411.291016
2021-08-04,438.980011,409.267822
2021-08-05,441.760010,411.859741
2021-08-06,442.489990,412.540314
2021-08-09,442.130005,412.204742
2021-08-10,442.679993,412.717499
2021-08-11,443.779999,413.743011
2021-08-12,445.109985,414.983002
2021-08-13,445.920013,415.738251
2021-08-16,446.970001,416.717133
2021-08-17,444.040009,413.985443
2021-08-18,439.179993,409.454376
2021-08-19,439.859985,410.088379
2021-08-20,443.359985,413.351471
2021-08-23,447.260010,416.987488
2021-08-24,447.970001,417.649414
2021-08-25,448.910004,418.525818
2021-08-26,446.260010,416.055176
2021-08-27,450.250000,419.775055
2021-08-30,452.230011,421.621063
2021-08-31,451.559998,420.996460
2021-09-01,451.799988,421.220184
2021-09-02,453.190002,422.516113
2021-09-03,453.079987,422.413544
2021-09-07,451.459991,420.903198
2021-09-08,450.910004,420.390320
2021-09-09,448.980011,418.590973
2021-09-10,445.440002,415.290588
2021-09-13,446.579987,416.353516
2021-09-14,444.170013,414.106628
2021-09-15,447.880005,417.565552
2021-09-16,447.170013,416.903625
2021-09-17,441.399994,412.842499
2021-09-20,434.040009,405.958649
2021-09-21,433.630005,405.575226
2021-09-22,437.859985,409.531525
2021-09-23,443.179993,414.507355
2021-09-24,443.910004,415.190155
2021-09-27,442.640015,414.002319
2021-09-28,433.720001,405.659363
2021-09-29,434.450012,406.342163
2021-09-30,429.140015,401.375671
2021-10-01,434.239990,406.145721
2021-10-04,428.640015,400.908020
2021-10-05,433.100006,405.079498
2021-10-06,434.899994,406.762970
2021-10-07,438.660004,410.279694
2021-10-08,437.859985,409.531525
2021-10-11,434.690002,406.566559
2021-10-12,433.619995,405.565826
2021-10-13,435.179993,407.024902
2021-10-14,442.500000,413.871277
2021-10-15,445.869995,417.023285
2021-10-18,447.190002,418.257935
2021-10-19,450.640015,421.484772
2021-10-20,452.410004,423.140076
2021-10-21,453.589996,424.243835
2021-10-22,453.119995,423.804230
2021-10-25,455.549988,426.076965
2021-10-26,455.959991,426.460541
2021-10-27,453.940002,424.571198
2021-10-28,458.320007,428.667847
2021-10-29,459.250000,429.537659
2021-11-01,460.040009,430.276581
2021-11-02,461.899994,432.016235
2021-11-03,464.720001,434.653748
2021-11-04,466.910004,436.702087
2021-11-05,468.529999,438.217316
2021-11-08,468.929993,438.591400
2021-11-09,467.380005,437.141693
2021-11-10,463.619995,433.624908
2021-11-11,463.769989,433.765259
2021-11-12,467.269989,437.038696
2021-11-15,467.429993,437.188446
2021-11-16,469.279999,438.918732
2021-11-17,468.140015,437.852478
2021-11-18,469.730011,439.339630
2021-11-19,468.890015,438.553955
2021-11-22,467.570007,437.319336
2021-11-23,468.190002,437.899261
2021-11-24,469.440002,439.068451
2021-11-26,458.970001,429.275787
2021-11-29,464.600006,434.541565
2021-11-30,455.559998,426.086365
2021-12-01,450.500000,421.353790
2021-12-02,457.399994,427.807312
2021-12-03,453.420013,424.084747
2021-12-06,458.790009,429.107513
2021-12-07,468.279999,437.983459
2021-12-08,469.519989,439.143188
2021-12-09,466.350006,436.178284
2021-12-10,470.739990,440.284241
2021-12-13,466.570007,436.384064
2021-12-14,463.359985,433.381714
2021-12-15,470.600006,440.153320
2021-12-16,466.450012,436.271851
2021-12-17,459.869995,431.628662
2021-12-20,454.980011,427.039001
2021-12-21,463.059998,434.622711
2021-12-22,467.690002,438.968445
2021-12-23,470.600006,441.699677
2021-12-27,477.260010,447.950745
2021-12-28,476.869995,447.584595
2021-12-29,477.480011,448.157257
2021-12-30,476.160004,446.918335
2021-12-31,474.959991,445.791931
2022-01-03,477.709991,448.373077
2022-01-04,477.549988,448.222870
2022-01-05,468.380005,439.616028
2022-01-06,467.940002,439.203064
2022-01-07,466.089996,437.466614
2022-01-10,465.510010,436.922272
2022-01-11,469.750000,440.901886
2022-01-12,471.019989,442.093842
2022-01-13,464.529999,436.002441
2022-01-14,464.720001,436.180756
2022-01-18,456.489990,428.456207
2022-01-19,451.750000,424.007324
2022-01-20,446.750000,419.314301
2022-01-21,437.980011,411.082947
2022-01-24,439.839996,412.828735
2022-01-25,434.470001,407.788483
2022-01-26,433.380005,406.765411
2022-01-27,431.239990,404.756866
2022-01-28,441.950012,414.809143
2022-01-31,449.910004,422.280273
2022-02-01,452.950012,425.133667
2022-02-02,457.350006,429.263367
2022-02-03,446.600006,419.173584
2022-02-04,448.700012,421.144531
2022-02-07,447.260010,419.793091
2022-02-08,450.940002,423.247101
2022-02-09,457.540009,429.441742
2022-02-10,449.320007,421.726532
2022-02-11,440.459991,413.410614
2022-02-14,439.019989,412.059082
2022-02-15,446.100006,418.704285
2022-02-16,446.600006,419.173584
2022-02-17,437.059998,410.219391
2022-02-18,434.230011,407.563293
2022-02-22,429.570007,403.189453
2022-02-23,421.950012,396.037384
2022-02-24,428.299988,401.997406
2022-02-25,437.750000,410.867096
2022-02-28,436.630005,409.815857
2022-03-01,429.980011,403.574280
2022-03-02,437.890015,410.998505
2022-03-03,435.709991,408.952393
2022-03-04,432.170013,405.629700
2022-03-07,419.429993,393.672089
2022-03-08,416.250000,390.687378
2022-03-09,427.410004,401.162018
2022-03-10,425.480011,399.350586
2022-03-11,420.070007,394.272797
2022-03-14,417.000000,391.391357
2022-03-15,426.170013,399.998260
2022-03-16,435.619995,408.867859
2022-03-17,441.070007,413.983215
2022-03-18,444.519989,418.517456
2022-03-21,444.390015,418.395020
2022-03-22,449.589996,423.290894
2022-03-23,443.799988,417.839569
2022-03-24,450.489990,424.138245
2022-03-25,452.690002,426.209534
2022-03-28,455.910004,429.241211
2022-03-29,461.549988,434.551270
2022-03-30,458.700012,431.868042
2022-03-31,451.640015,425.221008
2022-04-01,452.920013,426.426117
2022-04-04,456.799988,430.079224
2022-04-05,451.029999,424.646606
2022-04-06,446.519989,420.400452
2022-04-07,448.769989,422.518829
2022-04-08,447.570007,421.389069
2022-04-11,439.920013,414.186615
2022-04-12,438.290009,412.651947
2022-04-13,443.309998,417.378265
2022-04-14,437.790009,412.181152
2022-04-18,437.970001,412.350555
2022-04-19,445.040009,419.006958
2022-04-20,444.709991,418.696320
2022-04-21,438.059998,412.435333
2022-04-22,426.040009,401.118408
2022-04-25,428.510010,403.443939
2022-04-26,416.100006,391.759918
2022-04-27,417.269989,392.861450
2022-04-28,427.809998,402.784912
2022-04-29,412.000000,387.899719
2022-05-02,414.480011,390.234650
2022-05-03,416.380005,392.023468
2022-05-04,429.059998,403.961792
2022-05-05,413.809998,389.603851
2022-05-06,411.339996,387.278351
2022-05-09,398.170013,374.878723
2022-05-10,399.089996,375.744934
2022-05-11,392.750000,369.775787
2022-05-12,392.339996,369.389740
2022-05-13,401.720001,378.221008
2022-05-16,400.089996,376.686401
2022-05-17,408.320007,384.435059
2022-05-18,391.859985,368.937805
2022-05-19,389.459991,366.678284
2022-05-20,389.630005,366.838287
2022-05-23,396.920013,373.701874
2022-05-24,393.890015,370.849121
2022-05-25,397.369995,374.125519
2022-05-26,405.309998,381.601105
2022-05-27,415.260010,390.969025
2022-05-31,412.929993,388.775299
2022-06-01,409.589996,385.630646
2022-06-02,417.390015,392.974487
2022-06-03,410.540009,386.525085
2022-06-06,411.790009,387.702057
2022-06-07,415.739990,391.420959
2022-06-08,411.220001,387.165405
2022-06-09,401.440002,377.957428
2022-06-10,389.799988,366.998352
2022-06-13,375.000000,353.064056
2022-06-14,373.869995,352.000214
2022-06-15,379.200012,357.018402
2022-06-16,366.649994,345.202515
2022-06-17,365.859985,345.946716
2022-06-21,375.070007,354.655426
2022-06-22,374.390015,354.012421
2022-06-23,378.059998,357.482635
2022-06-24,390.079987,368.848358
2022-06-27,388.589996,367.439514
2022-06-28,380.649994,359.931702
2022-06-29,380.339996,359.638519
2022-06-30,377.250000,356.716675
2022-07-01,381.239990,360.489624
2022-07-05,381.959991,361.170380
2022-07-06,383.250000,362.390167
2022-07-07,388.989990,367.817688
2022-07-08,388.670013,367.515167
2022-07-11,384.230011,363.316772
2022-07-12,380.829987,360.101868
2022-07-13,378.829987,358.210724
2022-07-14,377.910004,357.340820
2022-07-15,385.130005,364.167847
2022-07-18,381.950012,361.160919
2022-07-19,392.269989,370.919281
2022-07-20,394.769989,373.283142
2022-07-21,398.790009,377.084381
2022-07-22,395.089996,373.585785
2022-07-25,395.570007,374.039612
2022-07-26,390.890015,369.614288
2022-07-27,401.040009,379.211975
2022-07-28,406.070007,383.968109
2022-07-29,411.989990,389.565918
2022-08-01,410.769989,388.412292
2022-08-02,408.059998,385.849762
2022-08-03,414.450012,391.891968
2022-08-04,414.170013,391.627289
2022-08-05,413.470001,390.965363
2022-08-08,412.989990,390.511505
2022-08-09,411.350006,388.960785
2022-08-10,419.989990,397.130463
2022-08-11,419.989990,397.130463
2022-08-12,427.100006,403.853516
2022-08-15,428.859985,405.517670
2022-08-16,429.700012,406.312012
2022-08-17,426.649994,403.427917
2022-08-18,427.890015,404.600555
2022-08-19,422.140015,399.163422
2022-08-22,413.350006,390.851868
2022-08-23,412.350006,389.906342
2022-08-24,413.670013,391.154449
2022-08-25,419.510010,396.676697
2022-08-26,405.309998,383.249512
2022-08-29,402.630005,380.715393
2022-08-30,398.209991,376.535950
2022-08-31,395.179993,373.670868
2022-09-01,396.420013,374.843323
2022-09-02,392.239990,370.890839
2022-09-06,390.760010,369.491425
2022-09-07,397.779999,376.129333
2022-09-08,400.380005,378.587830
2022-09-09,406.600006,384.469269
2022-09-12,410.970001,388.601379
2022-09-13,393.100006,371.704102
2022-09-14,394.600006,373.122467
2022-09-15,390.119995,368.886230
2022-09-16,385.559998,366.072083
2022-09-19,388.549988,368.910889
2022-09-20,384.089996,364.676392
2022-09-21,377.390015,358.315002
2022-09-22,374.220001,355.305206
2022-09-23,367.950012,349.352112
2022-09-26,364.309998,345.896118
2022-09-27,363.380005,345.013153
2022-09-28,370.529999,351.801758
2022-09-29,362.790009,344.452972
2022-09-30,357.179993,339.126495
2022-10-03,366.609985,348.079834
2022-10-04,377.970001,358.865662
2022-10-05,377.089996,358.030212
2022-10-06,373.200012,354.336761
2022-10-07,362.790009,344.452972
2022-10-10,360.019989,341.823029
2022-10-11,357.739990,339.658203
2022-10-12,356.559998,338.537842
2022-10-13,365.970001,347.472229
2022-10-14,357.630005,339.553772
2022-10-17,366.820007,348.279297
2022-10-18,371.130005,352.371399
2022-10-19,368.500000,349.874390
2022-10-20,365.410004,346.940521
2022-10-21,374.290009,355.371674
2022-10-24,378.869995,359.720245
2022-10-25,384.920013,365.464417
2022-10-26,382.019989,362.710999
2022-10-27,379.980011,360.774048
2022-10-28,389.019989,369.357208
2022-10-31,386.209991,366.689117
2022-11-01,384.519989,365.084686
2022-11-02,374.869995,355.922363
2022-11-03,371.010010,352.257446
2022-11-04,376.350006,357.327545
2022-11-07,379.950012,360.745636
2022-11-08,382.000000,362.691986
2022-11-09,374.130005,355.219757
2022-11-10,394.690002,374.740570
2022-11-11,398.510010,378.367584
2022-11-14,395.119995,375.148895
2022-11-15,398.489990,378.348480
2022-11-16,395.450012,375.462158
2022-11-17,394.239990,374.313324
2022-11-18,396.029999,376.012848
2022-11-21,394.589996,374.645599
2022-11-22,399.899994,379.687225
2022-11-23,402.420013,382.079895
2022-11-25,402.329987,381.994446
2022-11-28,395.910004,375.898926
2022-11-29,395.230011,375.253326
2022-11-30,407.679993,387.073975
2022-12-01,407.380005,386.789185
2022-12-02,406.910004,386.342896
2022-12-05,399.589996,379.392883
2022-12-06,393.829987,373.924011
2022-12-07,393.160004,373.287903
2022-12-08,396.239990,376.212250
2022-12-09,393.279999,373.401917
2022-12-12,398.950012,378.785217
2022-12-13,401.970001,381.652649
2022-12-14,399.399994,379.212494
2022-12-15,389.630005,369.936310
2022-12-16,383.269989,365.568787
2022-12-19,380.019989,362.468903
2022-12-20,380.540009,362.964935
2022-12-21,386.230011,368.392120
2022-12-22,380.720001,363.136627
2022-12-23,382.910004,365.225433
2022-12-27,381.399994,363.785187
2022-12-28,376.660004,359.264160
2022-12-29,383.440002,365.731018
2022-12-30,382.429993,364.767639
2023-01-03,380.820007,363.231995
2023-01-04,383.760010,366.036194
2023-01-05,379.380005,361.858490
2023-01-06,388.079987,370.156647
2023-01-09,387.859985,369.946869
2023-01-10,390.579987,372.541260
2023-01-11,395.519989,377.253052
2023-01-12,396.959991,378.626495
2023-01-13,398.500000,380.095398
2023-01-17,397.769989,379.399109
2023-01-18,391.489990,373.409180
2023-01-19,388.640015,370.690765
2023-01-20,395.880005,377.596405
2023-01-23,400.630005,382.127075
2023-01-24,400.200012,381.716919
2023-01-25,400.350006,381.860016
2023-01-26,404.750000,386.056793
2023-01-27,405.679993,386.943817
2023-01-30,400.589996,382.088928
2023-01-31,406.480011,387.706940
2023-02-01,410.799988,391.827393
2023-02-02,416.779999,397.531189
2023-02-03,412.350006,393.305786
2023-02-06,409.829987,390.902191
2023-02-07,415.190002,396.014587
2023-02-08,410.649994,391.684296
2023-02-09,407.089996,388.288696
2023-02-10,408.040009,389.194885
2023-02-13,412.829987,393.763611
2023-02-14,412.640015,393.582458
2023-02-15,413.980011,394.860535
2023-02-16,408.279999,389.423737
2023-02-17,407.260010,388.450867
2023-02-21,399.089996,380.658234
2023-02-22,398.540009,380.133606
2023-02-23,400.660004,382.155670
2023-02-24,396.380005,378.073395
2023-02-27,397.730011,379.360962
2023-02-28,396.260010,377.958893
2023-03-01,394.739990,376.509094
2023-03-02,397.809998,379.437286
2023-03-03,404.190002,385.522675
2023-03-06,404.470001,385.789734
2023-03-07,398.269989,379.876038
2023-03-08,398.920013,380.496033
2023-03-09,391.559998,373.476044
2023-03-10,385.910004,368.086975
2023-03-13,385.359985,367.562286
2023-03-14,391.730011,373.638123
2023-03-15,389.279999,371.301239
2023-03-16,396.109985,377.815826
2023-03-17,389.989990,373.398041
2023-03-20,393.739990,376.988586
2023-03-21,398.910004,381.938568
2023-03-22,392.109985,375.427887
2023-03-23,393.170013,376.442841
2023-03-24,395.750000,378.913055
2023-03-27,396.489990,379.621582
2023-03-28,395.600006,378.769470
2023-03-29,401.350006,384.274811
2023-03-30,403.700012,386.524841
2023-03-31,409.390015,391.972717
2023-04-03,410.950012,393.466400
2023-04-04,408.670013,391.283447
2023-04-05,407.600006,390.258942
2023-04-06,409.190002,391.781281
2023-04-10,409.609985,392.183380
2023-04-11,409.720001,392.288727
2023-04-12,408.049988,390.689758
2023-04-13,413.470001,395.879181
2023-04-14,412.459991,394.912109
2023-04-17,413.940002,396.329163
2023-04-18,414.209991,396.587708
2023-04-19,414.140015,396.520660
2023-04-20,411.880005,394.356903
2023-04-21,412.200012,394.663239
2023-04-24,412.630005,395.074951
2023-04-25,406.079987,388.803528
2023-04-26,404.359985,387.156769
2023-04-27,412.410004,394.864258
2023-04-28,415.929993,398.234528
2023-05-01,415.510010,397.832428
2023-05-02,410.839996,393.361053
2023-05-03,408.019989,390.661072
2023-05-04,405.130005,387.894012
2023-05-05,412.630005,395.074951
2023-05-08,412.739990,395.180267
2023-05-09,410.929993,393.447266
2023-05-10,412.850006,395.285553
2023-05-11,412.130005,394.596161
2023-05-12,411.589996,394.079102
2023-05-15,413.010010,395.438782
2023-05-16,410.250000,392.796204
2023-05-17,415.230011,397.564331
2023-05-18,419.230011,401.394135
2023-05-19,418.619995,400.810028
2023-05-22,418.790009,400.972900
2023-05-23,414.089996,396.472778
2023-05-24,411.089996,393.600494
2023-05-25,414.649994,397.009003
2023-05-26,420.019989,402.150543
2023-05-30,420.179993,402.303650
2023-05-31,417.850006,400.072876
2023-06-01,421.820007,403.873962
2023-06-02,427.920013,409.714386
2023-06-05,427.100006,408.929321
2023-06-06,428.029999,409.819702
2023-06-07,426.549988,408.402710
2023-06-08,429.130005,410.872925
2023-06-09,429.899994,411.610229
2023-06-12,433.799988,415.344208
2023-06-13,436.660004,418.082611
2023-06-14,437.179993,418.580475
2023-06-15,442.600006,423.769897
2023-06-16,439.459991,422.326416
2023-06-20,437.179993,420.135315
2023-06-21,434.940002,417.982666
2023-06-22,436.510010,419.491455
2023-06-23,433.209991,416.320160
2023-06-26,431.440002,414.619110
2023-06-27,436.170013,419.164703
2023-06-28,436.390015,419.376160
2023-06-29,438.109985,421.029053
2023-06-30,443.279999,425.997498
2023-07-03,443.790009,426.487640
2023-07-05,443.130005,425.853363
2023-07-06,439.660004,422.518616
2023-07-07,438.549988,421.451904
2023-07-10,439.660004,422.518616
2023-07-11,442.459991,425.209442
2023-07-12,446.019989,428.630676
2023-07-13,449.559998,432.032684
2023-07-14,449.279999,431.763550
2023-07-17,450.839996,433.262787
2023-07-18,454.190002,436.482117
2023-07-19,455.200012,437.452789
2023-07-20,452.179993,434.550476
2023-07-21,452.179993,434.550476
2023-07-24,454.200012,436.491730
2023-07-25,455.440002,437.683441
2023-07-26,455.510010,437.750671
2023-07-27,452.489990,434.848358
2023-07-28,456.920013,439.105743
2023-07-31,457.790009,439.941864
2023-08-01,456.480011,438.682892
2023-08-02,450.130005,432.580444
2023-08-03,448.839996,431.340729
2023-08-04,446.809998,429.389862
2023-08-07,450.709991,433.137756
2023-08-08,448.750000,431.254211
2023-08-09,445.750000,428.371185
2023-08-10,445.910004,428.524994
2023-08-11,445.649994,428.275085
2023-08-14,448.109985,430.639191
2023-08-15,442.890015,425.622650
2023-08-16,439.640015,422.499359
2023-08-17,436.290009,419.280029
2023-08-18,436.500000,419.481842
2023-08-21,439.339996,422.211090
2023-08-22,438.149994,421.067505
2023-08-23,443.029999,425.757202
2023-08-24,436.890015,419.856659
2023-08-25,439.970001,422.816559
2023-08-28,442.760010,425.497803
2023-08-29,449.160004,431.648285
2023-08-30,451.010010,433.426117
2023-08-31,450.350006,432.791809
2023-09-01,451.190002,433.599091
2023-09-05,449.239990,431.725128
2023-09-06,446.220001,428.822876
2023-09-07,444.850006,427.506256
2023-09-08,445.519989,428.150177
2023-09-11,448.450012,430.965973
2023-09-12,445.989990,428.601868
2023-09-13,446.510010,429.101562
2023-09-14,450.359985,432.801422
2023-09-15,443.369995,427.586914
2023-09-18,443.630005,427.837646
2023-09-19,442.709991,426.950439
2023-09-20,438.640015,423.025299
2023-09-21,431.390015,416.033417
2023-09-22,430.420013,415.097900
2023-09-25,432.230011,416.843567
2023-09-26,425.880005,410.719543
2023-09-27,426.049988,410.883453
2023-09-28,428.519989,413.265564
2023-09-29,427.480011,412.262604
2023-10-02,427.309998,412.098602
2023-10-03,421.589996,406.582275
2023-10-04,424.660004,409.542969
2023-10-05,424.500000,409.388641
2023-10-06,429.540009,414.249268
2023-10-09,432.290009,416.901398
2023-10-10,434.540009,419.071289
2023-10-11,436.320007,420.787903
2023-10-12,433.660004,418.222595
2023-10-13,431.500000,416.139465
2023-10-16,436.040009,420.517883
2023-10-17,436.019989,420.498566
2023-10-18,430.209991,414.895386
2023-10-19,426.429993,411.249939
2023-10-20,421.190002,406.196503
2023-10-23,420.459991,405.492493
2023-10-24,423.630005,408.549622
2023-10-25,417.549988,402.686096
2023-10-26,412.549988,397.864075
2023-10-27,410.679993,396.060608
2023-10-30,415.589996,400.795837
2023-10-31,418.200012,403.312897
2023-11-01,422.660004,407.614136
2023-11-02,430.760010,415.425842
2023-11-03,434.690002,419.215973
2023-11-06,435.690002,420.180359
2023-11-07,436.929993,421.376190
2023-11-08,437.250000,421.684814
2023-11-09,433.839996,418.396179
2023-11-10,440.609985,424.925171
2023-11-13,440.190002,424.520142
2023-11-14,448.730011,432.756165
2023-11-15,449.679993,433.672333
2023-11-16,450.230011,434.202759
2023-11-17,450.790009,434.742828
2023-11-20,454.260010,438.089233
2023-11-21,453.269989,437.134491
2023-11-22,455.019989,438.822174
2023-11-24,455.299988,439.092224
2023-11-27,454.480011,438.301422
2023-11-28,454.929993,438.735413
2023-11-29,454.609985,438.426819
2023-11-30,456.399994,440.153107
2023-12-01,459.100006,442.756989
2023-12-04,456.690002,440.432800
2023-12-05,456.600006,440.345978
2023-12-06,454.760010,438.571503
2023-12-07,458.230011,441.917999
2023-12-08,460.200012,443.817871
2023-12-11,461.989990,445.544128
2023-12-12,464.100006,447.579041
2023-12-13,470.500000,453.751129
2023-12-14,472.010010,455.207397
2023-12-15,469.329987,454.457916
2023-12-18,471.970001,457.014282
2023-12-19,474.839996,459.793335
2023-12-20,468.260010,453.421875
2023-12-21,472.700012,457.721130
2023-12-22,473.649994,458.641022
2023-12-26,475.649994,460.577637
2023-12-27,476.510010,461.410461
2023-12-28,476.690002,461.584717
2023-12-29,475.309998,460.248413
2024-01-02,472.649994,457.672760
2024-01-03,468.790009,453.935028
2024-01-04,467.279999,452.472870
2024-01-05,467.920013,453.092621
2024-01-08,474.600006,459.560944
2024-01-09,473.880005,458.863770
2024-01-10,476.559998,461.458832
2024-01-11,476.350006,461.255524
2024-01-12,476.679993,461.575012
2024-01-16,474.929993,459.880402
2024-01-17,472.290009,457.324188
2024-01-18,476.489990,461.391022
2024-01-19,482.429993,467.142792
2024-01-22,483.450012,468.130463
2024-01-23,484.859985,469.495819
2024-01-24,485.390015,470.009033
2024-01-25,488.029999,472.565399
2024-01-26,487.410004,471.965088
2024-01-29,491.269989,475.702667
2024-01-30,490.890015,475.334686
2024-01-31,482.880005,467.578583
2024-02-01,489.200012,473.698303
2024-02-02,494.350006,478.685089
2024-02-05,492.549988,476.942047
2024-02-06,493.980011,478.326843
2024-02-07,498.100006,482.316223
2024-02-08,498.320007,482.529266
2024-02-09,501.200012,485.318085
2024-02-12,500.980011,485.104980
2024-02-13,494.079987,478.423584
2024-02-14,498.570007,482.771332
2024-02-15,502.010010,486.102386
2024-02-16,499.510010,483.681610
2024-02-20,496.760010,481.018738
2024-02-21,497.209991,481.454468
2024-02-22,507.500000,491.418365
2024-02-23,507.850006,491.757294
2024-02-26,505.989990,489.956207
2024-02-27,506.929993,490.866425
2024-02-28,506.260010,490.217682
2024-02-29,508.079987,491.980042
2024-03-01,512.849976,496.598816
2024-03-04,512.299988,496.066284
2024-03-05,507.179993,491.108490
2024-03-06,509.750000,493.597076
2024-03-07,514.809998,498.496765
2024-03-08,511.720001,495.504669
2024-03-11,511.279999,495.078552
2024-03-12,516.780029,500.404419
2024-03-13,515.969971,499.619965
2024-03-14,514.950012,498.632324
2024-03-15,509.829987,495.208435
2024-03-18,512.859985,498.151520
2024-03-19,515.710022,500.919800
2024-03-20,520.479980,505.552979
2024-03-21,522.200012,507.223785
2024-03-22,521.210022,506.262085
2024-03-25,519.770020,504.863403
2024-03-26,518.809998,503.930817
2024-03-27,523.169983,508.165894
2024-03-28,523.070007,508.068695
2024-04-01,522.159973,507.184875
2024-04-02,518.840027,503.960144
2024-04-03,519.409973,504.513672
2024-04-04,513.070007,498.355530
2024-04-05,518.429993,503.561707
2024-04-08,518.719971,503.843384
2024-04-09,519.320007,504.426239
2024-04-10,514.119995,499.375366
2024-04-11,518.000000,503.144135
2024-04-12,510.850006,496.199188
2024-04-15,504.450012,489.982758
2024-04-16,503.529999,489.089111
2024-04-17,500.549988,486.194519
2024-04-18,499.519989,485.194122
2024-04-19,495.160004,480.959137
2024-04-22,499.720001,485.388367
2024-04-23,505.649994,491.148285
2024-04-24,505.410004,490.915192
2024-04-25,503.489990,489.050262
2024-04-26,508.260010,493.683502
2024-04-29,510.059998,495.431854
2024-04-30,501.980011,487.583588
2024-05-01,500.350006,486.000305
2024-05-02,505.029999,490.546082
2024-05-03,511.290009,496.626526
2024-05-06,516.570007,501.755157
2024-05-07,517.140015,502.308838
2024-05-08,517.190002,502.357330
2024-05-09,520.169983,505.251892
2024-05-10,520.840027,505.902740
2024-05-13,520.909973,505.970642
2024-05-14,523.299988,508.292145
2024-05-15,529.780029,514.586426
2024-05-16,528.690002,513.527466
2024-05-17,529.450012,514.265747
2024-05-20,530.059998,514.858154
2024-05-21,531.359985,516.120972
2024-05-22,529.830017,514.634827
2024-05-23,525.960022,510.875885
2024-05-24,529.440002,514.256042
2024-05-28,529.809998,514.615356
2024-05-29,526.099976,511.011688
2024-05-30,522.609985,507.621918
2024-05-31,527.369995,512.245422
2024-06-03,527.799988,512.663086
2024-06-04,528.390015,513.236145
2024-06-05,534.669983,519.335999
2024-06-06,534.659973,519.326294
2024-06-07,534.010010,518.694885
2024-06-10,535.659973,520.297546
2024-06-11,536.950012,521.550720
2024-06-12,541.359985,525.834167
2024-06-13,542.450012,526.892883
2024-06-14,542.780029,527.213440
2024-06-17,547.099976,531.409546
2024-06-18,548.489990,532.759644
2024-06-20,547.000000,531.312500
2024-06-21,544.510010,530.600098
2024-06-24,542.739990,528.875305
2024-06-25,544.830017,530.911926
2024-06-26,545.510010,531.574646
2024-06-27,546.369995,532.412598
2024-06-28,544.219971,530.317566
2024-07-01,545.340027,531.408936
2024-07-02,549.010010,534.985229
2024-07-03,551.460022,537.372559
2024-07-05,554.640015,540.471252
2024-07-08,555.280029,541.095093
2024-07-09,555.820007,541.621216
2024-07-10,561.320007,546.980652
2024-07-11,556.479980,542.264404
2024-07-12,559.989990,545.684753
2024-07-15,561.530029,547.185303
2024-07-16,564.859985,550.430237
2024-07-17,556.940002,542.712585
2024-07-18,552.659973,538.541870
2024-07-19,548.989990,534.965576
2024-07-22,554.650024,540.481201
2024-07-23,553.780029,539.633362
2024-07-24,541.229980,527.403931
2024-07-25,538.409973,524.655945
2024-07-26,544.440002,530.531921
2024-07-29,544.760010,530.843750
2024-07-30,542.000000,528.154236
2024-07-31,550.809998,536.739197
2024-08-01,543.010010,529.138428
2024-08-02,532.900024,519.286743
2024-08-05,517.380005,504.163208
2024-08-06,522.150024,508.811279
2024-08-07,518.659973,505.410461
2024-08-08,530.650024,517.094238
2024-08-09,532.989990,519.374329
2024-08-12,533.270020,519.647278
2024-08-13,542.039978,528.193176
2024-08-14,543.750000,529.859497
2024-08-15,553.070007,538.941467
2024-08-16,554.309998,540.149719
2024-08-19,559.609985,545.314392
2024-08-20,558.700012,544.427551
2024-08-21,560.619995,546.298584
2024-08-22,556.219971,542.010864
2024-08-23,562.130005,547.769958
2024-08-26,560.789978,546.464111
2024-08-27,561.559998,547.214478
2024-08-28,558.299988,544.037781
2024-08-29,558.349976,544.086609
2024-08-30,563.679993,549.280396
2024-09-03,552.080017,537.976807
2024-09-04,550.950012,536.875549
2024-09-05,549.609985,535.569763
2024-09-06,540.359985,526.556091
2024-09-09,546.409973,532.451599
2024-09-10,548.789978,534.770691
2024-09-11,554.419983,540.256897
2024-09-12,559.090027,544.807678
2024-09-13,562.010010,547.652954
2024-09-16,562.840027,548.461853
2024-09-17,563.070007,548.685974
2024-09-18,561.400024,547.058716
2024-09-19,570.979980,556.393982
2024-09-20,568.250000,555.432129
2024-09-23,569.669983,556.820068
2024-09-24,571.299988,558.413269
2024-09-25,570.039978,557.181702
2024-09-26,572.299988,559.390747
2024-09-27,571.469971,558.579468
2024-09-30,573.760010,560.817871
2024-10-01,568.619995,555.793640
2024-10-02,568.859985,556.028442
2024-10-03,567.820007,555.011719
2024-10-04,572.979980,560.055420
2024-10-07,567.799988,554.992249
2024-10-08,573.169983,560.241089
2024-10-09,577.140015,564.121582
2024-10-10,576.130005,563.134399
2024-10-11,579.580017,566.506531
2024-10-14,584.320007,571.139648
2024-10-15,579.780029,566.702026
2024-10-16,582.299988,569.165161
2024-10-17,582.349976,569.213989
2024-10-18,584.590027,571.403625
2024-10-21,583.630005,570.465210
2024-10-22,583.320007,570.162109
2024-10-23,577.989990,564.952454
2024-10-24,579.239990,566.174194
2024-10-25,579.039978,565.978760
2024-10-28,580.830017,567.728333
2024-10-29,581.770020,568.647095
2024-10-30,580.010010,566.926819
2024-10-31,568.640015,555.813354
2024-11-01,571.039978,558.159058
2024-11-04,569.809998,556.956909
2024-11-05,576.700012,563.691467
2024-11-06,591.039978,577.708008
2024-11-07,595.609985,582.174988
2024-11-08,598.190002,584.696838
2024-11-11,598.760010,585.253906
2024-11-12,596.900024,583.435852
2024-11-13,597.190002,583.719299
2024-11-14,593.349976,579.965881
2024-11-15,585.750000,572.537415
2024-11-18,588.150024,574.883240
2024-11-19,590.299988,576.984680
2024-11-20,590.500000,577.180237
2024-11-21,593.669983,580.278625
2024-11-22,595.510010,582.077271
2024-11-25,597.530029,584.051636
2024-11-26,600.650024,587.101196
2024-11-27,598.830017,585.322266
2024-11-29,602.549988,588.958435
2024-12-02,603.630005,590.014038
2024-12-03,603.909973,590.287720
2024-12-04,607.659973,593.953125
2024-12-05,606.659973,592.975647
2024-12-06,607.809998,594.099792
2024-12-09,604.679993,591.040344
2024-12-10,602.799988,589.202698
2024-12-11,607.460022,593.757568
2024-12-12,604.330017,590.698242
2024-12-13,604.210022,590.580933
2024-12-16,606.789978,593.102783
2024-12-17,604.289978,590.659119
2024-12-18,586.280029,573.055420
2024-12-19,586.099976,572.879395
2024-12-20,591.150024,579.760376
2024-12-23,594.690002,583.231995
2024-12-24,601.299988,589.714722
2024-12-26,601.340027,589.753967
2024-12-27,595.010010,583.545959
2024-12-30,588.219971,576.886719
2024-12-31,586.080017,574.788025
2025-01-02,584.640015,573.375732
2025-01-03,591.950012,580.544861
2025-01-06,595.359985,583.889160
2025-01-07,588.630005,577.288818
2025-01-08,589.489990,578.132263
2025-01-10,580.489990,569.305664
2025-01-13,581.390015,570.188293
2025-01-14,582.190002,570.972900
2025-01-15,592.780029,581.358826
2025-01-16,591.640015,580.240845
2025-01-17,597.580017,586.066406
2025-01-21,603.049988,591.430969
2025-01-22,606.440002,594.755737
2025-01-23,609.750000,598.001892
2025-01-24,607.969971,596.256226
2025-01-27,599.369995,587.821960
2025-01-28,604.520020,592.872620
2025-01-29,601.809998,590.214844
2025-01-30,605.039978,593.382629
2025-01-31,601.820007,590.224731
2025-02-03,597.770020,586.252808
2025-02-04,601.780029,590.185547
2025-02-05,604.219971,592.578430
2025-02-06,606.320007,594.638000
2025-02-07,600.770020,589.195007
2025-02-10,604.849976,593.196350
2025-02-11,605.309998,593.647522
2025-02-12,603.359985,591.734985
2025-02-13,609.729980,597.982300
2025-02-14,609.700012,597.952820
2025-02-18,611.489990,599.708374
2025-02-19,612.929993,601.120667
2025-02-20,610.380005,598.619812
2025-02-21,599.940002,588.380920
2025-02-24,597.210022,585.703613
2025-02-25,594.239990,582.790771
2025-02-26,594.539978,583.084961
2025-02-27,585.049988,573.777771
2025-02-28,594.179993,582.731873
2025-03-03,583.770020,572.522461
2025-03-04,576.859985,565.745605
2025-03-05,583.059998,571.826111
2025-03-06,572.710022,561.675598
2025-03-07,575.919983,564.823730
2025-03-10,560.580017,549.779297
2025-03-11,555.919983,545.209045
2025-03-12,558.869995,548.102295
2025-03-13,551.419983,540.795715
2025-03-14,562.809998,551.966309
2025-03-17,567.150024,556.222717
2025-03-18,561.020020,550.210876
2025-03-19,567.130005,556.203064
2025-03-20,565.489990,554.594727
2025-03-21,563.979980,554.777649
2025-03-24,574.080017,564.712891
2025-03-25,575.460022,566.070312
2025-03-26,568.590027,559.312500
2025-03-27,567.080017,557.827026
2025-03-28,555.659973,546.593384
2025-03-31,559.390015,550.262573
2025-04-01,560.969971,551.816711
2025-04-02,564.520020,555.308838
2025-04-03,536.700012,527.942749
2025-04-04,505.279999,497.035461
2025-04-07,504.380005,496.150116
2025-04-08,496.480011,488.379028
2025-04-09,548.619995,539.668213
2025-04-10,524.580017,516.020569
2025-04-11,533.940002,525.227844
2025-04-14,539.119995,530.323242
2025-04-15,537.609985,528.837891
2025-04-16,525.659973,517.082825
2025-04-17,526.409973,517.820618
2025-04-21,513.880005,505.495117
2025-04-22,527.250000,518.646973
2025-04-23,535.419983,526.683594
2025-04-24,546.690002,537.769775
2025-04-25,550.640015,541.655334
2025-04-28,550.849976,541.861938
2025-04-29,554.320007,545.275269
2025-04-30,554.539978,545.491699
2025-05-01,558.469971,549.357544
2025-05-02,566.760010,557.512268
2025-05-05,563.510010,554.315308
2025-05-06,558.799988,549.682190
2025-05-07,561.150024,551.993835
2025-05-08,565.059998,555.840088
2025-05-09,564.340027,555.131714
2025-05-12,582.989990,573.477356
2025-05-13,586.840027,577.264648
2025-05-14,587.590027,578.002441
2025-05-15,590.460022,580.825623
2025-05-16,594.200012,584.504578
2025-05-19,594.849976,585.143921
2025-05-20,592.849976,583.176514
2025-05-21,582.859985,573.349548
2025-05-22,583.090027,573.575928
2025-05-23,579.109985,569.660706
2025-05-27,591.150024,581.504395
2025-05-28,587.729980,578.140137
2025-05-29,590.049988,580.422241
2025-05-30,589.390015,579.773010
2025-06-02,592.710022,583.038879
2025-06-03,596.090027,586.363708
2025-06-04,595.929993,586.206360
2025-06-05,593.049988,583.373230
2025-06-06,599.140015,589.364014
2025-06-09,599.679993,589.895081
2025-06-10,603.080017,593.239624
2025-06-11,601.359985,591.547668
2025-06-12,603.750000,593.898682
2025-06-13,597.000000,587.258850
2025-06-16,602.679993,592.846252
2025-06-17,597.530029,587.780151
2025-06-18,597.440002,587.691650
2025-06-20,594.280029,586.311462
2025-06-23,600.150024,592.102661
2025-06-24,606.780029,598.643921
2025-06-25,607.119995,598.979248
2025-06-26,611.869995,603.665588
2025-06-27,614.909973,606.664795
2025-06-30,617.849976,609.565369
2025-07-01,617.650024,609.368103
2025-07-02,620.450012,612.130554
2025-07-03,625.340027,616.955017
2025-07-07,620.679993,612.357422
2025-07-08,620.340027,612.022034
2025-07-09,624.059998,615.692078
2025-07-10,625.820007,617.428528
2025-07-11,623.619995,615.258057
2025-07-14,624.809998,616.432068
2025-07-15,622.140015,613.797852
2025-07-16,624.219971,615.849976
2025-07-17,628.039978,619.618713
2025-07-18,627.580017,619.164978
2025-07-21,628.770020,620.338989
2025-07-22,628.859985,620.427673
2025-07-23,634.210022,625.706116
2025-07-24,634.419983,625.913208
2025-07-25,637.099976,628.557251
2025-07-28,636.940002,628.399414
2025-07-29,635.260010,626.741943
2025-07-30,634.460022,625.952698
2025-07-31,632.080017,623.604553
2025-08-01,621.719971,613.383484
2025-08-04,631.169983,622.706726
2025-08-05,627.969971,619.549622
2025-08-06,632.780029,624.295227
2025-08-07,632.250000,623.772339
2025-08-08,637.179993,628.636230
2025-08-11,635.919983,627.393005
2025-08-12,642.690002,634.072266
2025-08-13,644.890015,636.242859
2025-08-14,644.950012,636.302063
2025-08-15,643.440002,634.812256
2025-08-18,643.299988,634.674133
2025-08-19,639.809998,631.230896
2025-08-20,638.109985,629.553772
2025-08-21,635.549988,627.028076
2025-08-22,645.309998,636.657104
2025-08-25,642.469971,633.855225
2025-08-26,645.159973,636.509216
2025-08-27,646.630005,637.959473
2025-08-28,648.919983,640.218811
2025-08-29,645.049988,636.400635
2025-09-02,640.270020,631.684753
2025-09-03,643.739990,635.108215
2025-09-04,649.119995,640.416138
2025-09-05,647.239990,638.561218
2025-09-08,648.830017,640.130005
2025-09-09,650.330017,641.609863
2025-09-10,652.210022,643.464661
2025-09-11,657.630005,648.811951
2025-09-12,657.409973,648.594849
2025-09-15,660.909973,652.047974
2025-09-16,660.000000,651.150269
2025-09-17,659.179993,650.341248
2025-09-18,662.260010,653.379883
2025-09-19,663.700012,656.616028
2025-09-22,666.840027,659.722534
2025-09-23,663.210022,656.131287
2025-09-24,661.099976,654.043701
2025-09-25,658.049988,651.026306
2025-09-26,661.820007,654.756104
2025-09-29,663.679993,656.596252
2025-09-30,666.179993,659.069519
2025-10-01,668.450012,661.315308
2025-10-02,669.219971,662.076965
2025-10-03,669.210022,662.067261
2025-10-06,671.609985,664.441589
2025-10-07,669.119995,661.978149
2025-10-08,673.109985,665.925537
2025-10-09,671.159973,663.996338
2025-10-10,653.020020,646.049988
2025-10-13,663.039978,655.963013
2025-10-14,662.229980,655.161621
2025-10-15,665.169983,658.070251
2025-10-16,660.640015,653.588623
2025-10-17,664.390015,657.298645
2025-10-20,671.299988,664.134888
2025-10-21,671.289978,664.125000
2025-10-22,667.799988,660.672241
2025-10-23,671.760010,664.589966
2025-10-24,677.250000,670.021362
2025-10-27,685.239990,677.926086
2025-10-28,687.059998,679.726624
2025-10-29,687.390015,680.053223
2025-10-30,679.830017,672.573853
2025-10-31,682.059998,674.779968
2025-11-03,683.340027,676.046387
2025-11-04,675.239990,668.032837
2025-11-05,677.580017,670.347839
2025-11-06,670.309998,663.155457
2025-11-07,670.969971,663.808350
2025-11-10,681.440002,674.166626
2025-11-11,683.000000,675.709961
2025-11-12,683.380005,676.085999
2025-11-13,672.039978,664.867004
2025-11-14,671.929993,664.758118
2025-11-17,665.669983,658.564941
2025-11-18,660.080017,653.034607
2025-11-19,662.630005,655.557434
2025-11-20,652.530029,645.565247
2025-11-21,659.030029,651.995850
2025-11-24,668.729980,661.592285
2025-11-25,675.020020,667.815186
2025-11-26,679.679993,672.425476
2025-11-28,683.390015,676.095825
2025-12-01,680.270020,673.009094
2025-12-02,681.530029,674.255676
2025-12-03,683.890015,676.590515
2025-12-04,684.390015,677.085144
2025-12-05,685.690002,678.371338
2025-12-08,683.630005,676.333313
2025-12-09,683.039978,675.749512
2025-12-10,687.570007,680.231262
2025-12-11,689.169983,681.814087
2025-12-12,681.760010,674.483276
2025-12-15,680.729980,673.464233
2025-12-16,678.869995,671.624084
2025-12-17,671.400024,664.233765
2025-12-18,676.469971,669.249695
2025-12-19,680.590027,675.315369
2025-12-22,684.830017,679.522522
2025-12-23,687.960022,682.628235
2025-12-24,690.380005,685.029480
2025-12-26,690.309998,684.959961
2025-12-29,687.849976,682.519043
2025-12-30,687.010010,681.685608
2025-12-31,681.919983,676.635010
2026-01-02,683.169983,677.875366
2026-01-05,687.719971,682.390076
2026-01-06,691.809998,686.448364
2026-01-07,689.580017,684.235657
2026-01-08,689.510010,684.166199
2026-01-09,694.070007,688.690857
2026-01-12,695.159973,689.772339
2026-01-13,693.770020,688.393250
2026-01-14,690.359985,685.009583
2026-01-15,692.239990,686.875061
2026-01-16,691.659973,686.299500
2026-01-20,677.580017,672.328674
2026-01-21,685.400024,680.088013
2026-01-22,688.979980,683.640320
2026-01-23,689.229980,683.888306
2026-01-26,692.729980,687.361206
2026-01-27,695.489990,690.099854
2026-01-28,695.419983,690.030334
2026-01-29,694.039978,688.661072
2026-01-30,691.969971,686.607117
2026-02-02,695.409973,690.020447
2026-02-03,689.530029,684.186035
2026-02-04,686.190002,680.871948
2026-02-05,677.619995,672.368347
2026-02-06,690.619995,685.267578
2026-02-09,693.950012,688.571777
2026-02-10,692.119995,686.755981
2026-02-11,691.960022,686.597229
2026-02-12,681.270020,675.990112
2026-02-13,681.750000,676.466309
2026-02-17,682.849976,677.557800
2026-02-18,686.289978,680.971130
2026-02-19,684.479980,679.175171
2026-02-20,689.429993,684.086792
2026-02-23,682.390015,677.101379
2026-02-24,687.349976,682.022888
2026-02-25,693.150024,687.778076
2026-02-26,689.299988,683.957825
2026-02-27,685.989990,680.673462
2026-03-02,686.380005,681.060486
2026-03-03,680.330017,675.057373
2026-03-04,685.130005,679.820068
2026-03-05,681.309998,676.029724
2026-03-06,672.380005,667.168884
2026-03-09,678.270020,673.013367
2026-03-10,677.179993,671.931702
2026-03-11,676.330017,671.088379
2026-03-12,666.059998,660.897888
2026-03-13,662.289978,657.157166
2026-03-16,669.030029,663.844971
2026-03-17,670.789978,665.591248
2026-03-18,661.429993,656.303833
2026-03-19,659.799988,654.686462
2026-03-20,648.570007,645.300964
2026-03-23,655.380005,652.076660
2026-03-24,653.179993,649.887756
2026-03-25,656.820007,653.509460
2026-03-26,645.090027,641.838623
2026-03-27,634.090027,630.894043
2026-03-30,631.969971,628.784668
2026-03-31,650.340027,647.062134
2026-04-01,655.239990,651.937378
2026-04-02,655.830017,652.524475
2026-04-06,658.929993,655.608765
2026-04-07,659.219971,655.897278
2026-04-08,676.010010,672.602722
2026-04-09,679.909973,676.483032
2026-04-10,679.460022,676.035339
2026-04-13,686.099976,682.641785
2026-04-14,694.460022,690.959717
2026-04-15,699.940002,696.412109
2026-04-16,701.659973,698.123413
2026-04-17,710.140015,706.560730
2026-04-20,708.719971,705.147766
2026-04-21,704.080017,700.531250
2026-04-22,711.210022,707.625305
2026-04-23,708.450012,704.879211
2026-04-24,713.940002,710.341492
2026-04-27,715.169983,711.565369
2026-04-28,711.690002,708.102905
2026-04-29,711.580017,707.993408
2026-04-30,718.659973,715.037720
2026-05-01,720.650024,717.017700
2026-05-04,718.010010,714.390991
2026-05-05,723.770020,720.122009
2026-05-06,733.830017,730.131287
2026-05-07,731.580017,727.892639
2026-05-08,737.619995,733.902161
2026-05-11,739.299988,735.573669
2026-05-12,738.179993,734.459351
2026-05-13,742.309998,738.568542
2026-05-14,748.169983,744.398987
2026-05-15,739.169983,735.444397
2026-05-18,738.650024,734.927002
2026-05-19,733.729980,730.031738
2026-05-20,741.250000,737.513855
2026-05-21,742.719971,738.976440
2026-05-22,745.640015,741.881775
2026-05-26,750.590027,746.806824
2026-05-27,750.460022,746.677429
2026-05-28,754.599976,750.796570
2026-05-29,756.479980,752.667114
2026-06-01,758.539978,754.716675
2026-06-02,759.570007,755.741577
2026-06-03,754.239990,750.438416
2026-06-04,757.090027,753.274048
2026-06-05,737.549988,733.832520
2026-06-08,739.219971,735.494080
2026-06-09,737.049988,733.335083
2026-06-10,725.429993,721.773621
2026-06-11,737.760010,734.041504
2026-06-12,741.750000,738.011353
2026-06-15,754.830017,751.025452
2026-06-16,750.330017,746.548157
2026-06-17,740.960022,737.225342
2026-06-18,746.739990,744.890259
2026-06-22,744.390015,742.546143
2026-06-23,733.580017,731.762878
2026-06-24,733.239990,731.423706
2026-06-25,734.299988,732.481079
2026-06-26,728.989990,727.184265
2026-06-29,741.000000,739.164490
2026-06-30,746.770020,744.920227
2026-07-01,745.760010,743.912720
2026-07-02,744.780029,742.935181
2026-07-06,751.280029,749.419067
2026-07-07,747.710022,745.857910
2026-07-08,745.400024,743.553650
2026-07-09,751.710022,749.848022
2026-07-10,754.950012,753.079956
2026-07-13,749.169983,747.314270
2026-07-14,751.830017,749.967712
2026-07-15,754.809998,752.940308
2026-07-16,750.719971,748.860413
2026-07-17,743.289978,741.448792
2026-07-20,742.090027,740.251831
2026-07-21,748.280029,746.426514
2026-07-22,747.409973,745.558594
2026-07-23,738.179993,736.351501
2026-07-24,738.929993,737.099609
2026-07-27,739.090027,737.259277
2026-07-28,740.859985,739.024841
2026-07-29,729.460022,727.653137
2026-07-30,741.690002,739.852783
2026-07-31,747.030029,745.179626
2026-08-03,757.669983,755.793213
2026-08-04,771.330017,769.419373
